{
    "sentiment_score": 0.23622035007080275,
    "composite_engagement_score": 0.08756000702766288,
    "better": 0.03907190758755957,
    "supportive": 0.03591410587314021,
    "manager": 0.03388091066068722,
    "q_work_life_balance": 0.03346359005323496,
    "work": 0.03244098887566933,
    "could": 0.027167276035134545,
    "much": 0.02702807721940678,
    "balance": 0.026442969461581214,
    "average": 0.02543005081108566,
    "okay": 0.02520695918231468,
    "workplace": 0.024670811053815758,
    "normal": 0.02448186583352945,
    "workload": 0.02421599829336284,
    "life": 0.02406223811449375,
    "leadership": 0.02190569611277725,
    "nothing": 0.021785938076607576,
    "special": 0.0215790189393639,
    "experience": 0.021509204796096554,
    "management": 0.018719371147779433,
    "need": 0.017153968441687407,
    "q_manager_effectiveness": 0.01669883865085865,
    "poor": 0.014777180931456834,
    "career": 0.014187637512812257,
    "growth": 0.013407987677745165,
    "happy": 0.01090524347047761,
    "low": 0.010151543103779102,
    "team": 0.009726594234134751,
    "place": 0.00936718007106632,
    "love": 0.009047118697376417,
    "benefits": 0.008337968065013442,
    "culture": 0.0077301847410950406,
    "great": 0.007478078523993915,
    "excellent": 0.005421860188972373,
    "tenure_years": 0.004904502260937275,
    "q_career_growth": 0.003899543553180761,
    "department_Sales": 0.0011265326506834938,
    "role_Manager": 0.0009841905737502444,
    "department_HR": 0.0006410417760645529,
    "department_Marketing": 0.0005274814732174557,
    "department_Finance": 0.00039548156990427323,
    "role_Individual Contributor": 0.0003725066056864535
}