{
    "test_name": "Kruskal-Wallis",
    "statistic": 52.1130915946102,
    "p_value": 1.3063462228751801e-10
}